Numero de articulo del comerciante;EAN;Numero del fabricante;Fabricante;Nombre del producto;Precio;Precio especial;Precio original;Plazo de entrega;Gastos de envio;URL del producto;URL de la imagen;Categoria;Descripcion
CBL-USBC-LTN-1M;0195949085611;CBL-USBC-LTN-1M;Apple;Cable USB-C a Lightning 1m — Apple Original;10,99;;;24-48 horas;0,00;https://itorostore.com/products/cable-usb-c-a-lightning-1m-apple?variant=57216637206853;https://itorostore.com/cdn/shop/files/v2-cable-lightning.jpg?v=1787344486&width=1200;Cable;Cable USB-C a Lightning 1m original Apple. Certificado MFi. Carga rápida cuando se usa con un adaptador de 20W. Compatible con todos los iPhones hasta el 14. PVP oficial de Apple 19,00 € Longitud: 1 metro Conectores: USB-C - Lightning Certificado MFi por Apple Garantía legal de 3 años Ahorra llev...
CBL-USBC-USBC-1M;0195949371905;CBL-USBC-USBC-1M;Apple;Cable USB-C a USB-C 1m — Apple Original;10,99;;;24-48 horas;0,00;https://itorostore.com/products/cable-usb-c-a-usb-c-1m-apple?variant=57216637370693;https://itorostore.com/cdn/shop/files/v2-cable-usbc.jpg?v=1787344486&width=1200;Cable;Cable USB-C a USB-C 1m original Apple. Compatible con iPhone 15, 16, 17 y 18. Carga rápida y transferencia de datos a alta velocidad. Longitud: 1 metro Conectores: USB-C - USB-C Compatible: iPhone 15, 16, 17, 18 y todos los modelos USB-C Garantía legal de 3 años Ahorra llevándotelo junto Por 8 € ...
CHRG-USBC-20W;0195949121296;CHRG-USBC-20W;Apple;Cargador USB-C 20W Apple Original;12,99;;;24-48 horas;0,00;https://itorostore.com/products/cargador-usb-c-20w-apple-original?variant=57216636977477;https://itorostore.com/cdn/shop/files/v2-cargador-20w.png?v=1787344486&width=1200;Cargador;Cargador USB-C 20W oficial Apple. El cargador compacto de Apple con conector USB-C. Compatible con todos los iPhones desde el 8. Carga rapidísima. PVP oficial de Apple 19,00 € Potencia: 20W Conector: USB-C Compatible: iPhone 8 o posterior Producto 100% original Apple Garantía legal de 3 años Te f...
57856139198789;0195950643503;iphone-17;ITorostore;iPhone 17 — 256GB / Negro;879,00;;999,00;24-48 horas;0,00;https://itorostore.com/products/iphone-17?variant=57856139198789;https://itorostore.com/cdn/shop/files/hq_17_negro.jpg?v=1784377323&width=1200;Smartphone;iPhone 17 — La nueva generación. Chip A19, cámara mejorada y el diseño más fino hasta la fecha. Pantalla Super Retina XDR OLED 6.1 120Hz Chip A19 · Apple Intelligence Cámara 48MP · USB-C · 5G Tu compra en ITorostore incluye: Nuevo, sellado de fábrica y 100% original Garantía de 3 años Envío grati...
57856139231557;0195950643701;iphone-17;ITorostore;iPhone 17 — 256GB / Blanco;879,00;;999,00;24-48 horas;0,00;https://itorostore.com/products/iphone-17?variant=57856139231557;https://itorostore.com/cdn/shop/files/hq_17_blanco.jpg?v=1784377323&width=1200;Smartphone;iPhone 17 — La nueva generación. Chip A19, cámara mejorada y el diseño más fino hasta la fecha. Pantalla Super Retina XDR OLED 6.1 120Hz Chip A19 · Apple Intelligence Cámara 48MP · USB-C · 5G Tu compra en ITorostore incluye: Nuevo, sellado de fábrica y 100% original Garantía de 3 años Envío grati...
57856139264325;0195950643909;iphone-17;ITorostore;iPhone 17 — 256GB / Azul Neblina;879,00;;999,00;24-48 horas;0,00;https://itorostore.com/products/iphone-17?variant=57856139264325;https://itorostore.com/cdn/shop/files/hq_17_mistblue.jpg?v=1784377323&width=1200;Smartphone;iPhone 17 — La nueva generación. Chip A19, cámara mejorada y el diseño más fino hasta la fecha. Pantalla Super Retina XDR OLED 6.1 120Hz Chip A19 · Apple Intelligence Cámara 48MP · USB-C · 5G Tu compra en ITorostore incluye: Nuevo, sellado de fábrica y 100% original Garantía de 3 años Envío grati...
57856139297093;0195950644302;iphone-17;ITorostore;iPhone 17 — 256GB / Verde Salvia;879,00;;999,00;24-48 horas;0,00;https://itorostore.com/products/iphone-17?variant=57856139297093;https://itorostore.com/cdn/shop/files/hq_17_sage.jpg?v=1784377323&width=1200;Smartphone;iPhone 17 — La nueva generación. Chip A19, cámara mejorada y el diseño más fino hasta la fecha. Pantalla Super Retina XDR OLED 6.1 120Hz Chip A19 · Apple Intelligence Cámara 48MP · USB-C · 5G Tu compra en ITorostore incluye: Nuevo, sellado de fábrica y 100% original Garantía de 3 años Envío grati...
57856139329861;0195950644104;iphone-17;ITorostore;iPhone 17 — 256GB / Lavanda;879,00;;999,00;24-48 horas;0,00;https://itorostore.com/products/iphone-17?variant=57856139329861;https://itorostore.com/cdn/shop/files/hq_17_lavanda.jpg?v=1784377323&width=1200;Smartphone;iPhone 17 — La nueva generación. Chip A19, cámara mejorada y el diseño más fino hasta la fecha. Pantalla Super Retina XDR OLED 6.1 120Hz Chip A19 · Apple Intelligence Cámara 48MP · USB-C · 5G Tu compra en ITorostore incluye: Nuevo, sellado de fábrica y 100% original Garantía de 3 años Envío grati...
57856140017989;0195950627367;iphone-17-pro;ITorostore;iPhone 17 Pro — 256GB / Naranja Cósmico;1099,00;;1249,00;24-48 horas;0,00;https://itorostore.com/products/iphone-17-pro?variant=57856140017989;https://itorostore.com/cdn/shop/files/hq_17_orange.jpg?v=1784548681&width=1200;Smartphone;iPhone 17 Pro — El Pro más avanzado. Chip A19 Pro, sistema de cámara rediseñado y cuerpo de titanio. Pantalla Super Retina XDR ProMotion 120Hz 6.3 Chip A19 Pro · Apple Intelligence Triple cámara rediseñada + teleobjetivo 5x Titanio · Botón de Acción · USB-C Tu compra en ITorostore incluye: Nuevo,...
57856140083525;0195950627565;iphone-17-pro;ITorostore;iPhone 17 Pro — 256GB / Azul Profundo;1099,00;;1249,00;24-48 horas;0,00;https://itorostore.com/products/iphone-17-pro?variant=57856140083525;https://itorostore.com/cdn/shop/files/hq_17_blue.jpg?v=1784548680&width=1200;Smartphone;iPhone 17 Pro — El Pro más avanzado. Chip A19 Pro, sistema de cámara rediseñado y cuerpo de titanio. Pantalla Super Retina XDR ProMotion 120Hz 6.3 Chip A19 Pro · Apple Intelligence Triple cámara rediseñada + teleobjetivo 5x Titanio · Botón de Acción · USB-C Tu compra en ITorostore incluye: Nuevo,...
57856624820549;0195950627169;iphone-17-pro;ITorostore;iPhone 17 Pro — 256GB / Plata;1099,00;;1249,00;24-48 horas;0,00;https://itorostore.com/products/iphone-17-pro?variant=57856624820549;https://itorostore.com/cdn/shop/files/hq_17_silver.jpg?v=1784548680&width=1200;Smartphone;iPhone 17 Pro — El Pro más avanzado. Chip A19 Pro, sistema de cámara rediseñado y cuerpo de titanio. Pantalla Super Retina XDR ProMotion 120Hz 6.3 Chip A19 Pro · Apple Intelligence Triple cámara rediseñada + teleobjetivo 5x Titanio · Botón de Acción · USB-C Tu compra en ITorostore incluye: Nuevo,...
57856140542277;0195950639018;iphone-17-pro-max;ITorostore;iPhone 17 Pro Max — 256GB / Naranja Cósmico;1249,00;;;24-48 horas;0,00;https://itorostore.com/products/iphone-17-pro-max?variant=57856140542277;https://itorostore.com/cdn/shop/files/hq_17_orange_c3428b30-757d-4401-bb2d-6b676e05a724.jpg?v=1784548691&width=1200;Smartphone;iPhone 17 Pro Max — El iPhone más potente jamás creado. Chip A19 Pro, pantalla de 6.9, sistema de cámara rediseñado y autonomía para todo el día y más. Pantalla Super Retina XDR 6.9 ProMotion 120Hz Sistema de cámara Pro totalmente rediseñado Chip A19 Pro — el más rápido de Apple Cuerpo de titanio...
57856140607813;0195950639216;iphone-17-pro-max;ITorostore;iPhone 17 Pro Max — 256GB / Azul Profundo;1249,00;;;24-48 horas;0,00;https://itorostore.com/products/iphone-17-pro-max?variant=57856140607813;https://itorostore.com/cdn/shop/files/hq_17_blue_09f2492a-14e8-496d-9141-509326e275b6.jpg?v=1784548691&width=1200;Smartphone;iPhone 17 Pro Max — El iPhone más potente jamás creado. Chip A19 Pro, pantalla de 6.9, sistema de cámara rediseñado y autonomía para todo el día y más. Pantalla Super Retina XDR 6.9 ProMotion 120Hz Sistema de cámara Pro totalmente rediseñado Chip A19 Pro — el más rápido de Apple Cuerpo de titanio...
IP18P-256-BURDEOS;0195951416007;IP18P-256-BURDEOS;ITorostore;iPhone 18 Pro — 256GB / Burdeos;1470,00;;;24-48 horas;0,00;https://itorostore.com/products/iphone-18-pro?variant=59297114685765;https://itorostore.com/cdn/shop/files/iphone-18-pro-finish-select-burgundy-202609.png?v=1789152158&width=1200;Smartphone;iPhone 18 Pro — la nueva generación Pro de Apple, presentada el 9 de septiembre de 2026. Chip A20 Pro de 2 nanómetros e iOS 20. Cuatro acabados: Negro, Plata, Azul glacial y Burdeos Capacidades de 256 GB y 512 GB Chip A20 Pro, el primero de Apple fabricado en 2 nm Importante — producto bajo reser...
IP18PM-256-GLACIAL;0195951410371;IP18PM-256-GLACIAL;ITorostore;iPhone 18 Pro Max — 256GB / Azul glacial;1649,00;;;24-48 horas;0,00;https://itorostore.com/products/iphone-18-pro-max?variant=59297102692677;https://itorostore.com/cdn/shop/files/iphone-18-pro-max-finish-select-glacier-202609.png?v=1789151920&width=1200;Smartphone;iPhone 18 Pro Max — la nueva generación Pro de Apple, presentada el 9 de septiembre de 2026. Chip A20 Pro de 2 nanómetros e iOS 20. Cuatro acabados: Negro, Plata, Azul glacial y Burdeos Capacidades de 256 GB y 512 GB Chip A20 Pro, el primero de Apple fabricado en 2 nm Importante — producto bajo r...
IP18PM-256-BURDEOS;0195951410364;IP18PM-256-BURDEOS;ITorostore;iPhone 18 Pro Max — 256GB / Burdeos;1649,00;;;24-48 horas;0,00;https://itorostore.com/products/iphone-18-pro-max?variant=59297102725445;https://itorostore.com/cdn/shop/files/iphone-18-pro-max-finish-select-burgundy-202609.png?v=1789151919&width=1200;Smartphone;iPhone 18 Pro Max — la nueva generación Pro de Apple, presentada el 9 de septiembre de 2026. Chip A20 Pro de 2 nanómetros e iOS 20. Cuatro acabados: Negro, Plata, Azul glacial y Burdeos Capacidades de 256 GB y 512 GB Chip A20 Pro, el primero de Apple fabricado en 2 nm Importante — producto bajo r...
